,user_input,retrieved_contexts,response,reference,faithfulness,answer_relevancy,context_precision,context_recall,harmfulness
0,Qual é a importância de um tema na construção de um contexto significativo?,"['Alta Tecnologia em\nProcessamento Digital de Sinais - DSP\nHoje esta tecnologia está presente nos mais soﬁ  sticados sistemas eletrônicos devido a sua alta velocidade e conﬁ  abil-\ndade. Processadores Digitais de Sinais são capazes de processar dez milhões de amostragens por segundo. Isso signiﬁ  -\nca processamento em tempo real - o sinal é processado no mesmo instante em que é recebido, sem retardos ou atrasos.Vivemos  em um mundo cada vez mais ágil e prático. Um mundo conectado por processadores, chips, softwares e periféricos.  Mas \nainda não é o bastante, por isso, o mundo caminha para tecnologias de processamento imediato de dados. A CM Comandos está \num passo à frente e oferece aos seus clientes produtos dotados de uma tecnologia revolucionária, denominada Processamento \nDigital de Sinais - DSP .\nToda linha de No-Breaks Composition conta com a tecno-\nlogia DSP . Característica que proporciona alta performa-\nce e conﬁ  abilidade, tornando-os ideais para aplicações de \nmissão crítica. Ou seja, protegem as aplicações nas quais a  \ncontinuidade da operação é de fundamental importância. \nProjetados com o uso intenso dos recursos da tecnologia\nDSP , os No-Breaks Composition agregam novos e avançados \nrecursos que estabelecem um novo conceito em desenvolvi-\nmento, no qual o ﬁ  rmware dos equipamentos pode ser atuali-\nzado acrescentando novas funções em  unidades já instaladas.\nAo pensar em adquirir No-Breaks, conte com as soluções da \nCM Comandos, que asseguram tecnologia de ponta, máxima \nproteção, precisão digital e processamento em tempo real.OS MAIS MODERNOS NO-BREAKS CORPORATIVOS', 'Alta Tecnologia em\nProcessamento Digital\nde Sinais - DSP\nO S M A I S M O D E R N O S\nN O B R E A K S C O R P O R AT I V O SVivemos em um mundo cada vez mais ágil e prático. Um mundo conectado por processadores, chips, softwares e \nperiféricos. Mas isso ainda não é o bastante. Por isso, o mundo caminha para tecnologias de processamento imediato \nde dados. A CM Comandos Lineares está um passo à frente e oferece aos seus clientes produtos dotados de uma \ntecnologia revolucionária, denominada Processamento Digital de Sinais -- DSP .\nToda a linha de No Breaks Innovation S1 Trifásico  \nTransformerless conta com a tecnologia DS P.   \nCaracterística que proporciona alta performance e \nconfiabilidade, tornando-os ideais para aplicações de missão crítica. Ou seja, protegem as aplicações nas quais a \ncontinuidade da operação é de fundamental importância.\ndos equipamentos pode ser atualizado, \nacrescentando novas funções em \nunidades já instaladas. Hoje, esta tecnologia está presente nos mais sofisticados sistemas eletrônicos, devido à sua alta velocidade e \nconfiabilidade. Processadores Digitais de Sinais são capazes de processar dez milhões de amostragens por segundo. \nIsso significa processamento em tempo real -- o sinal é processado no mesmo instante em que é recebido, sem \nretardos ou atrasos.\nProjetados com o uso intenso dos recursos da tecnologia DSP ,  os No Breaks Innovation Trifásico Transformerless  \nagregam novos  e avançados recursos, que estabelecem um novo conceito em desenvolvimento, no qual o firmware \nAo pensar em adquirir No Breaks,     \nconte com as soluções da\nCM Comandos, que asseguram \ntecnologia de ponta, máxima proteção, \nprecisão digital e processamento        \nem tempo real.']","A importância de um tema na construção de um contexto significativo reside na sua capacidade de fornecer um foco claro e direcionar a compreensão do assunto em questão. Um tema bem definido ajuda a organizar informações, facilita a comunicação de ideias e permite que os envolvidos no diálogo ou na análise reconheçam a relevância e a aplicação prática do conteúdo. Além disso, um tema pode conectar diferentes elementos e experiências, criando uma narrativa coesa que enriquece a compreensão e a interpretação do contexto.","A importância de um tema na construção de um contexto significativo reside na sua capacidade de fornecer uma base e um foco para a compreensão e interpretação de informações, ajudando a conectar ideias e a dar sentido ao que está sendo apresentado.",0.0,0.9999999999999986,0.0,0.0,1
1,importância do contexto na formulação de perguntas conceituais,"['Digital Signal ProcessorNo-BreakMulti Ativo\nTrifásico\nCM COMANDOS LINEARESCONCEPTION', 'Alta Tecnologia em\nProcessamento Digital de Sinais - DSP\nHoje esta tecnologia está presente nos mais soﬁ  sticados sistemas eletrônicos devido a sua alta velocidade e conﬁ  abil-\ndade. Processadores Digitais de Sinais são capazes de processar dez milhões de amostragens por segundo. Isso signiﬁ  -\nca processamento em tempo real - o sinal é processado no mesmo instante em que é recebido, sem retardos ou atrasos.Vivemos  em um mundo cada vez mais ágil e prático. Um mundo conectado por processadores, chips, softwares e periféricos.  Mas \nainda não é o bastante, por isso, o mundo caminha para tecnologias de processamento imediato de dados. A CM Comandos está \num passo à frente e oferece aos seus clientes produtos dotados de uma tecnologia revolucionária, denominada Processamento \nDigital de Sinais - DSP .\nToda linha de No-Breaks Composition conta com a tecno-\nlogia DSP . Característica que proporciona alta performa-\nce e conﬁ  abilidade, tornando-os ideais para aplicações de \nmissão crítica. Ou seja, protegem as aplicações nas quais a  \ncontinuidade da operação é de fundamental importância. \nProjetados com o uso intenso dos recursos da tecnologia\nDSP , os No-Breaks Composition agregam novos e avançados \nrecursos que estabelecem um novo conceito em desenvolvi-\nmento, no qual o ﬁ  rmware dos equipamentos pode ser atuali-\nzado acrescentando novas funções em  unidades já instaladas.\nAo pensar em adquirir No-Breaks, conte com as soluções da \nCM Comandos, que asseguram tecnologia de ponta, máxima \nproteção, precisão digital e processamento em tempo real.OS MAIS MODERNOS NO-BREAKS CORPORATIVOS']","A importância do contexto na formulação de perguntas conceituais reside na capacidade de fornecer um entendimento claro e específico sobre o tema em questão. O contexto ajuda a definir os limites e as nuances do assunto, permitindo que as perguntas sejam mais direcionadas e relevantes. Isso resulta em respostas mais precisas e informativas, além de facilitar a comunicação e a troca de ideias. Em áreas técnicas, como o processamento digital de sinais, o contexto é essencial para compreender as aplicações práticas e as inovações tecnológicas, garantindo que as perguntas abordem aspectos significativos e atuais do tema.","O contexto é fundamental na formulação de perguntas conceituais, pois fornece a base necessária para entender o tema em questão e direcionar a investigação de maneira adequada.",0.14285714285714285,0.932699804712736,0.0,0.0,0
2,Como as soluções de No-Break da CM Comandos se destacam em inovação e eficiência?,"['Inovação, qualidade, tecnologia\ne confiabilidade. Marcas das\nsoluções CM Comandos Lineares\nCom mais de 40 anos de atuação, a CM Comandos é hoje uma das \nmaiores fabricantes de No-Breaks da América Latina. Além disso, é líder\nabsoluta em soluções para o mercado corporativo. Certiﬁ  cada pela norma ISO-900:2015, a CM Comandos \nressalta o seu compromisso com a excelência dos seus produtos e a total satisfação dos seus clientes.A EMPRESA\nOs  No-Breaks  da  CM  Comandos  são  indicados  para aplicações de  \nmissão crítica, nas mais variadas corporações, oferecendo proteção \ncontra distúrbios de energia elétrica, tais como: cortes, micro-cortes, ruídos, distorção harmônica, picos, \ntransientes, sub e sobretensão e variação de frequência.APLICAÇÕES\nOs equipamentos da CM Comandos operam com maior precisão, agre-\ngam maior número de funções e são mais seguros. Características\nque geram alta conﬁ  abilidade e produtividade nas mais variadas aplicações, minimizam falhas e,\nconsequentemente, custos de manutenção. Em resumo, ser um cliente CM Comandos signiﬁ  ca ter o \nretorno do capital investido e garantias que só uma empresa com amplo suporte técnico pode oferecer.BENEFÍCIOS\nAo escolher a marca CM Comandos Lineares você conta com o melhor supor-\nte técnico de pré e pós-venda da empresa que se consolidou ao longo  des-\ntes 40 anos como líder de mercado. Instrumentação de ponta, proﬁ  ssionais\naltamente qualiﬁ  cados, disponibilidade de atendimento 24 horas, sete dias da semana, call \ncenter e processos certiﬁ  cados que asseguram a excelência dos nossos serviços de suporte.SUPORTE\nTÉCNICO', 'A E M P R E S ACom mais de 35 anos de atuação, a CM Comandos é hoje \numa das maiores fabricantes de No-Breaks da América \nLatina. \nAlém disso, é líder absoluta em soluções para o mercado corporativo. Certificada pela \nnorma ISO-9001:2015, a CM Comandos ressalta o seu compromisso com a excelência \ndos seus produtos e a total satisfação dos seus clientes.Inovação, qualidade, tecnologia\ne confiabilidade. Marcas das\nsoluções CM Comandos Lineares\nA P L I C A Ç Õ E SOs No Breaks  da CM Comandos Lineares são indicados para aplicações \nde missão crítica, nas mais variadas corporações, oferecendo proteção \ncontra distúrbios de energia elétrica, tais como: cortes, micro cortes, ruídos, distorção harmônica, \npicos, transientes, sub e sobre tensão e variações de frequência.\nS U P O R T E\nT É C N I C OAo  escolher  a marca  CM Comandos  Lineares  você  conta com o melhor \nsuporte  técnico  de pré e pós-venda da empresa que se consolidou ao longo \ndestes 36  anos como  líder  de  mercado.\nInstrumentação de ponta, profissionais altamente qualificados, com cobertura nacional e \ndisponibilidade de atendimento 24 horas, sete dias por semana, call center e processos certificados \nque asseguram a excelência dos  nossos serviços  de  suporte.B E N E F Í C I O SOs equipamentos da CM Comandos operam com maior precisão, \nagregam maior número de funções e são os mais seguros. \nCaracterísticas que geram alta confiabilidade e produtividade nas mais variadas aplicações, \nminimizam falhas e, consequentemente,  custos de manutenção. Em resumo,  ser um cliente da \nCM Comandos significa ter o retorno do capital investido e garantias que  só uma empresa com \namplo suporte técnico pode oferecer.\nCM COMANDOS LINEARES\nOSD L NI A NM EA OR CEM SCISO\n9001\n2015']","As soluções de No-Break da CM Comandos se destacam em inovação e eficiência por oferecerem proteção contra diversos distúrbios de energia elétrica, como cortes, micro-cortes, ruídos e variações de frequência. Com mais de 40 anos de experiência, a empresa é reconhecida por sua alta confiabilidade e produtividade, minimizando falhas e custos de manutenção. Além disso, os equipamentos são projetados para operar com maior precisão e agregar um número significativo de funções, garantindo a excelência dos produtos e a satisfação dos clientes. O suporte técnico de pré e pós-venda, disponível 24 horas por dia, também contribui para a eficiência das soluções oferecidas.","As soluções de No-Break da CM Comandos se destacam em inovação e eficiência através do desenvolvimento de sistemas como o Paralelo Multi Ativo, que permite a operação em paralelo de múltunas unidades de no-break, otimizando a distribuição de carga e garantindo a continuidade do fornecimento de energia durante manutenções. Além disso, a tecnologia de Processamento Digital de Sinais (DSP) utilizada nos equipamentos assegura alta performance e confiabilidade, permitindo processamento em tempo real e atualizações de firmware para adicionar novas funcionalidades.",0.9090909090909091,0.866664677363549,0.49999999995,0.0,1
3,"Como as abordagens de suporte tecnico e inovacao em produtos da CM Comandos se comparam em diferentes relatorios, considerando aspectos como a qualidade do suporte tecnico, a implementacao de sistemas de gerenciamento remoto, e a eficacia das solucoes de No-Breaks para aplicacoes criticas?","['Inovação, qualidade, tecnologia\ne confiabilidade. Marcas das\nsoluções CM Comandos Lineares\nCom mais de 40 anos de atuação, a CM Comandos é hoje uma das \nmaiores fabricantes de No-Breaks da América Latina. Além disso, é líder\nabsoluta em soluções para o mercado corporativo. Certiﬁ  cada pela norma ISO-900:2015, a CM Comandos \nressalta o seu compromisso com a excelência dos seus produtos e a total satisfação dos seus clientes.A EMPRESA\nOs  No-Breaks  da  CM  Comandos  são  indicados  para aplicações de  \nmissão crítica, nas mais variadas corporações, oferecendo proteção \ncontra distúrbios de energia elétrica, tais como: cortes, micro-cortes, ruídos, distorção harmônica, picos, \ntransientes, sub e sobretensão e variação de frequência.APLICAÇÕES\nOs equipamentos da CM Comandos operam com maior precisão, agre-\ngam maior número de funções e são mais seguros. Características\nque geram alta conﬁ  abilidade e produtividade nas mais variadas aplicações, minimizam falhas e,\nconsequentemente, custos de manutenção. Em resumo, ser um cliente CM Comandos signiﬁ  ca ter o \nretorno do capital investido e garantias que só uma empresa com amplo suporte técnico pode oferecer.BENEFÍCIOS\nAo escolher a marca CM Comandos Lineares você conta com o melhor supor-\nte técnico de pré e pós-venda da empresa que se consolidou ao longo  des-\ntes 40 anos como líder de mercado. Instrumentação de ponta, proﬁ  ssionais\naltamente qualiﬁ  cados, disponibilidade de atendimento 24 horas, sete dias da semana, call \ncenter e processos certiﬁ  cados que asseguram a excelência dos nossos serviços de suporte.SUPORTE\nTÉCNICO', 'OSD  L NI A NM EA OR C EM SCISO\n90012015\nInovação , qualidade , tecnolo gia\ne confiabilidade . Marcas das\nsoluções CM C omandos Linear es\nCom mais de 40 anos de atuação , a CM Comandos é hoje uma das \nmaior es fabricant es de No-Breaks da Amér ica Latina. Além disso , é líder\nabsoluta em soluções para o mercado corporativ o. Certificada pela norma ISO-900:2015, a CM Comandos \nressalta o seu compr omisso com a excelência dos seus produt os e a total satisfação dos seus client es.A EMPRESA\nOs    No-Breaks   da   CM     Comandos  são  indicados  para aplicações \nde  missã o crítica, nas mais variadas corporações , oferecendo proteção \ncontra distúr bios de ener gia elétr ica, tais como: cortes, micr o-cortes, ruídos , distorção harmônica, picos , \ntransient es, sub e sobr etensão e var iação de fr equência.APLICAÇÕES\nOs equipament os da CM Comandos operam com maior precisão , agre-\ngam maior númer o de funções e são mais segur os. Carac terísticas\nque geram alta confiabilidade e produtividade nas mais variadas aplicações , minimizam falhas e,\nconsequent ement e, cust os de manut enção . Em resumo , ser um client e CM Comandos significa ter o \nretorno do capital investido e garantias que só uma empr esa com amplo supor te técnico pode oferecer .BENEFÍCIOS\nAo escolher a marca CM Comandos Linear es você conta com o melhor supor -\nte técnico de pré e pós- venda da empr esa que se consolidou ao longo  des-\ntes 40 anos como líder de mercado . Instrumentação de ponta, profissionais\naltament e qualificados , disponibilidade de atendiment o 24 horas , sete dias da semana, call \ncent er e processos certificados que asseguram a excelência dos nossos serviços de supor te.SUPORTE\nTÉCNIC O']","A CM Comandos destaca-se pela qualidade do suporte técnico, que é considerado um dos melhores do mercado, oferecendo atendimento 24 horas por dia, sete dias por semana, além de um call center e processos certificados. Isso garante um suporte robusto tanto no pré quanto no pós-venda, refletindo um compromisso com a satisfação do cliente.

Em relação à inovação em produtos, a empresa tem mais de 40 anos de experiência e é reconhecida como uma das maiores fabricantes de No-Breaks na América Latina. Os No-Breaks são projetados para aplicações de missão crítica, oferecendo proteção contra diversos distúrbios de energia elétrica, o que demonstra a eficácia das soluções oferecidas.

Embora os relatórios não mencionem especificamente a implementação de sistemas de gerenciamento remoto, a ênfase na precisão e na agregação de funções nos equipamentos sugere um foco em tecnologia avançada, que pode incluir tais sistemas. A combinação de suporte técnico de alta qualidade e produtos inovadores posiciona a CM Comandos como uma líder no setor, garantindo confiabilidade e produtividade para seus clientes.","As abordagens de suporte técnico e inovação em produtos da CM Comandos se comparam positivamente, destacando a qualidade do suporte técnico disponível 24 horas, a implementação de sistemas de gerenciamento remoto e a eficácia das soluções de No-Breaks para aplicações críticas, que garantem proteção e confiabilidade.",0.8125,0.7210380516415954,0.99999999995,0.3333333333333333,1
4,compromissos CM Comandos qualidade produtos preservação meio ambiente,"['OSD  L NI A NM EA OR C EM SCISO\n90012015\nInovação , qualidade , tecnolo gia\ne confiabilidade . Marcas das\nsoluções CM C omandos Linear es\nCom mais de 40 anos de atuação , a CM Comandos é hoje uma das \nmaior es fabricant es de No-Breaks da Amér ica Latina. Além disso , é líder\nabsoluta em soluções para o mercado corporativ o. Certificada pela norma ISO-900:2015, a CM Comandos \nressalta o seu compr omisso com a excelência dos seus produt os e a total satisfação dos seus client es.A EMPRESA\nOs    No-Breaks   da   CM     Comandos  são  indicados   para    aplicações \nde  missã o crítica, nas mais variadas corporações , oferecendo proteção \ncontra distúr bios de ener gia elétr ica, tais como: cortes, micr o-cortes, ruídos , distorção harmônica, picos , \ntransient es, sub e sobr etensão e var iação de fr equência.APLICAÇÕES\nOs equipament os da CM Comandos operam com maior precisão , agre-\ngam maior númer o de funções e são mais segur os. Carac terísticas\nque geram alta confiabilidade e produtividade nas mais variadas aplicações , minimizam falhas e,\nconsequent ement e, cust os de manut enção . Em resumo , ser um client e CM Comandos significa ter o \nretorno do capital investido e garantias que só uma empr esa com amplo supor te técnico pode oferecer .BENEFÍCIOS\nAo escolher a marca CM Comandos Linear es você conta com o melhor supor -\nte técnico de pré e pós- venda da empr esa que se consolidou ao longo  des-\ntes 40 anos como líder de mercado . Instrumentação de ponta, profissionais\naltament e qualificados , disponibilidade de atendiment o 24 horas , sete dias da semana, call \ncent er e processos certificados que asseguram a excelência dos nossos serviços de supor te.SUPORTE\nTÉCNIC O', 'OSD  L NI A NM EA OR C EM SCISO\n90012015\nInovação , qualidade , tecnolo gia\ne confiabilidade . Marcas das\nsoluções CM C omandos Linear es\nCom mais de 40 anos de atuação , a CM Comandos é hoje uma das \nmaior es fabricant es de No-Breaks da Amér ica Latina. Além disso , é líder\nabsoluta em soluções para o mercado corporativ o. Certificada pela norma ISO-900:2015, a CM Comandos \nressalta o seu compr omisso com a excelência dos seus produt os e a total satisfação dos seus client es.A EMPRESA\nOs    No-Breaks   da   CM     Comandos  são  indicados  para aplicações \nde  missã o crítica, nas mais variadas corporações , oferecendo proteção \ncontra distúr bios de ener gia elétr ica, tais como: cortes, micr o-cortes, ruídos , distorção harmônica, picos , \ntransient es, sub e sobr etensão e var iação de fr equência.APLICAÇÕES\nOs equipament os da CM Comandos operam com maior precisão , agre-\ngam maior númer o de funções e são mais segur os. Carac terísticas\nque geram alta confiabilidade e produtividade nas mais variadas aplicações , minimizam falhas e,\nconsequent ement e, cust os de manut enção . Em resumo , ser um client e CM Comandos significa ter o \nretorno do capital investido e garantias que só uma empr esa com amplo supor te técnico pode oferecer .BENEFÍCIOS\nAo escolher a marca CM Comandos Linear es você conta com o melhor supor -\nte técnico de pré e pós- venda da empr esa que se consolidou ao longo  des-\ntes 40 anos como líder de mercado . Instrumentação de ponta, profissionais\naltament e qualificados , disponibilidade de atendiment o 24 horas , sete dias da semana, call \ncent er e processos certificados que asseguram a excelência dos nossos serviços de supor te.SUPORTE\nTÉCNIC O']","A CM Comandos destaca seu compromisso com a excelência dos produtos e a total satisfação dos clientes, além de ser certificada pela norma ISO-900:2015. Embora a preservação do meio ambiente não seja mencionada diretamente, a busca por inovação e qualidade sugere uma responsabilidade em relação a práticas sustentáveis.","A CM Comandos tem um compromisso com a preservação do meio ambiente, a excelência dos seus produtos e a total satisfação dos seus clientes.",0.8,0.0,0.0,0.0,1
5,Quais os beneficio da maior precisao dos equipamentos da CM Comandos nas suas aplicacoes?,"['Inovação, qualidade, tecnologia\ne confiabilidade. Marcas das\nsoluções CM Comandos Lineares\nCom mais de 40 anos de atuação, a CM Comandos é hoje uma das \nmaiores fabricantes de No-Breaks da América Latina. Além disso, é líder\nabsoluta em soluções para o mercado corporativo. Certiﬁ  cada pela norma ISO-900:2015, a CM Comandos \nressalta o seu compromisso com a excelência dos seus produtos e a total satisfação dos seus clientes.A EMPRESA\nOs  No-Breaks  da  CM  Comandos  são  indicados  para aplicações de  \nmissão crítica, nas mais variadas corporações, oferecendo proteção \ncontra distúrbios de energia elétrica, tais como: cortes, micro-cortes, ruídos, distorção harmônica, picos, \ntransientes, sub e sobretensão e variação de frequência.APLICAÇÕES\nOs equipamentos da CM Comandos operam com maior precisão, agre-\ngam maior número de funções e são mais seguros. Características\nque geram alta conﬁ  abilidade e produtividade nas mais variadas aplicações, minimizam falhas e,\nconsequentemente, custos de manutenção. Em resumo, ser um cliente CM Comandos signiﬁ  ca ter o \nretorno do capital investido e garantias que só uma empresa com amplo suporte técnico pode oferecer.BENEFÍCIOS\nAo escolher a marca CM Comandos Lineares você conta com o melhor supor-\nte técnico de pré e pós-venda da empresa que se consolidou ao longo  des-\ntes 40 anos como líder de mercado. Instrumentação de ponta, proﬁ  ssionais\naltamente qualiﬁ  cados, disponibilidade de atendimento 24 horas, sete dias da semana, call \ncenter e processos certiﬁ  cados que asseguram a excelência dos nossos serviços de suporte.SUPORTE\nTÉCNICO', 'OSD  L NI A NM EA OR C EM SCISO\n90012015\nInovação , qualidade , tecnolo gia\ne confiabilidade . Marcas das\nsoluções CM C omandos Linear es\nCom mais de 40 anos de atuação , a CM Comandos é hoje uma das \nmaior es fabricant es de No-Breaks da Amér ica Latina. Além disso , é líder\nabsoluta em soluções para o mercado corporativ o. Certificada pela norma ISO-900:2015, a CM Comandos \nressalta o seu compr omisso com a excelência dos seus produt os e a total satisfação dos seus client es.A EMPRESA\nOs    No-Breaks   da   CM     Comandos  são  indicados  para aplicações \nde  missã o crítica, nas mais variadas corporações , oferecendo proteção \ncontra distúr bios de ener gia elétr ica, tais como: cortes, micr o-cortes, ruídos , distorção harmônica, picos , \ntransient es, sub e sobr etensão e var iação de fr equência.APLICAÇÕES\nOs equipament os da CM Comandos operam com maior precisão , agre-\ngam maior númer o de funções e são mais segur os. Carac terísticas\nque geram alta confiabilidade e produtividade nas mais variadas aplicações , minimizam falhas e,\nconsequent ement e, cust os de manut enção . Em resumo , ser um client e CM Comandos significa ter o \nretorno do capital investido e garantias que só uma empr esa com amplo supor te técnico pode oferecer .BENEFÍCIOS\nAo escolher a marca CM Comandos Linear es você conta com o melhor supor -\nte técnico de pré e pós- venda da empr esa que se consolidou ao longo  des-\ntes 40 anos como líder de mercado . Instrumentação de ponta, profissionais\naltament e qualificados , disponibilidade de atendiment o 24 horas , sete dias da semana, call \ncent er e processos certificados que asseguram a excelência dos nossos serviços de supor te.SUPORTE\nTÉCNIC O']","Os benefícios da maior precisão dos equipamentos da CM Comandos nas suas aplicações incluem alta confiabilidade e produtividade, minimização de falhas e, consequentemente, redução dos custos de manutenção. Isso resulta em um melhor retorno do capital investido e garantias que só uma empresa com amplo suporte técnico pode oferecer.","Os benefícios da maior precisão dos equipamentos da CM Comandos em suas aplicações incluem alta confiabilidade, produtividade, minimização de falhas e redução de custos de manutenção.",0.6666666666666666,0.9596966486044517,0.99999999995,1.0,0
6,Quais sã as prinpais caracteristicas dos No Breks ofercidos pela CM Comandos?,"['Inovação, qualidade, tecnologia\ne confiabilidade. Marcas das\nsoluções CM Comandos Lineares\nCom mais de 40 anos de atuação, a CM Comandos é hoje uma das \nmaiores fabricantes de No-Breaks da América Latina. Além disso, é líder\nabsoluta em soluções para o mercado corporativo. Certiﬁ  cada pela norma ISO-900:2015, a CM Comandos \nressalta o seu compromisso com a excelência dos seus produtos e a total satisfação dos seus clientes.A EMPRESA\nOs  No-Breaks  da  CM  Comandos  são  indicados  para aplicações de  \nmissão crítica, nas mais variadas corporações, oferecendo proteção \ncontra distúrbios de energia elétrica, tais como: cortes, micro-cortes, ruídos, distorção harmônica, picos, \ntransientes, sub e sobretensão e variação de frequência.APLICAÇÕES\nOs equipamentos da CM Comandos operam com maior precisão, agre-\ngam maior número de funções e são mais seguros. Características\nque geram alta conﬁ  abilidade e produtividade nas mais variadas aplicações, minimizam falhas e,\nconsequentemente, custos de manutenção. Em resumo, ser um cliente CM Comandos signiﬁ  ca ter o \nretorno do capital investido e garantias que só uma empresa com amplo suporte técnico pode oferecer.BENEFÍCIOS\nAo escolher a marca CM Comandos Lineares você conta com o melhor supor-\nte técnico de pré e pós-venda da empresa que se consolidou ao longo  des-\ntes 40 anos como líder de mercado. Instrumentação de ponta, proﬁ  ssionais\naltamente qualiﬁ  cados, disponibilidade de atendimento 24 horas, sete dias da semana, call \ncenter e processos certiﬁ  cados que asseguram a excelência dos nossos serviços de suporte.SUPORTE\nTÉCNICO', 'A E M P R E S ACom mais de 35 anos de atuação, a CM Comandos é hoje \numa das maiores fabricantes de No-Breaks da América \nLatina. \nAlém disso, é líder absoluta em soluções para o mercado corporativo. Certificada pela \nnorma ISO-9001:2015, a CM Comandos ressalta o seu compromisso com a excelência \ndos seus produtos e a total satisfação dos seus clientes.Inovação, qualidade, tecnologia\ne confiabilidade. Marcas das\nsoluções CM Comandos Lineares\nA P L I C A Ç Õ E SOs No Breaks  da CM Comandos Lineares são indicados para aplicações \nde missão crítica, nas mais variadas corporações, oferecendo proteção \ncontra distúrbios de energia elétrica, tais como: cortes, micro cortes, ruídos, distorção harmônica, \npicos, transientes, sub e sobre tensão e variações de frequência.\nS U P O R T E\nT É C N I C OAo  escolher  a marca  CM Comandos  Lineares  você  conta com o melhor \nsuporte  técnico  de pré e pós-venda da empresa que se consolidou ao longo \ndestes 36  anos como  líder  de  mercado.\nInstrumentação de ponta, profissionais altamente qualificados, com cobertura nacional e \ndisponibilidade de atendimento 24 horas, sete dias por semana, call center e processos certificados \nque asseguram a excelência dos  nossos serviços  de  suporte.B E N E F Í C I O SOs equipamentos da CM Comandos operam com maior precisão, \nagregam maior número de funções e são os mais seguros. \nCaracterísticas que geram alta confiabilidade e produtividade nas mais variadas aplicações, \nminimizam falhas e, consequentemente,  custos de manutenção. Em resumo,  ser um cliente da \nCM Comandos significa ter o retorno do capital investido e garantias que  só uma empresa com \namplo suporte técnico pode oferecer.\nCM COMANDOS LINEARES\nOSD L NI A NM EA OR CEM SCISO\n9001\n2015']","As principais características dos No-Breaks oferecidos pela CM Comandos incluem:

1. Indicação para aplicações de missão crítica em diversas corporações.
2. Proteção contra distúrbios de energia elétrica, como cortes, micro-cortes, ruídos, distorção harmônica, picos, transientes, sub e sobretensão, e variações de frequência.
3. Operação com maior precisão e agregação de um maior número de funções.
4. Alta confiabilidade e segurança, minimizando falhas e custos de manutenção.
5. Compromisso com a excelência dos produtos e satisfação total dos clientes.","As principais características dos No Breaks oferecidos pela CM Comandos incluem tecnologia de ponta, máxima proteção, precisão digital e processamento em tempo real.",1.0,0.7927857798662089,0.49999999995,0.0,0
